row_id,client_orderid,client_custid,client_prodid,cases_ordered,units_ordered,cases_inven,units_inven,discount,discount_flag,order_date,delivery_date,pc_count
540,20411,7,16,1,0,0,0,0.0,0,2018-08-13,2018-08-13,1.0
542,20411,7,27,0,0,0,0,0.0,0,2018-08-13,2018-08-13,1.0
545,20411,7,58,2,0,0,0,0.0,0,2018-08-13,2018-08-13,1.0
546,20411,7,60,0,0,0,0,0.0,0,2018-08-13,2018-08-13,1.0
549,20411,7,62,0,0,0,0,0.0,0,2018-08-13,2018-08-13,1.0
551,20411,7,64,0,0,0,0,0.0,0,2018-08-13,2018-08-13,1.0
553,20411,7,66,2,0,0,0,0.0,0,2018-08-13,2018-08-13,1.0
554,20411,7,68,1,0,0,0,0.0,0,2018-08-13,2018-08-13,1.0
556,20411,7,71,1,0,0,0,0.0,0,2018-08-13,2018-08-13,1.0
559,20411,7,77,0,0,0,0,0.0,0,2018-08-13,2018-08-13,1.0
560,20411,7,78,20,0,0,0,0.0,0,2018-08-13,2018-08-13,2.0
563,20411,7,95,1,0,0,0,0.0,0,2018-08-13,2018-08-13,1.0
565,20411,7,103,2,0,0,0,0.0,0,2018-08-13,2018-08-13,1.0
566,20411,7,105,1,0,0,0,0.0,0,2018-08-13,2018-08-13,2.0
568,20411,7,113,5,0,0,0,0.0,0,2018-08-13,2018-08-13,1.0
571,20411,7,127,0,0,0,0,0.0,0,2018-08-13,2018-08-13,1.0
572,20411,7,130,0,0,0,0,0.0,0,2018-08-13,2018-08-13,1.0
574,20411,7,131,0,0,0,0,0.0,0,2018-08-13,2018-08-13,1.0
577,20411,7,135,1,0,0,0,0.0,0,2018-08-13,2018-08-13,2.0
578,20411,7,137,1,0,0,0,0.0,0,2018-08-13,2018-08-13,1.0
581,20411,7,160,1,0,0,0,0.0,0,2018-08-13,2018-08-13,2.0
583,20411,7,209,10,0,0,0,0.0,0,2018-08-13,2018-08-13,2.0
584,20411,7,524,0,0,0,0,0.0,0,2018-08-13,2018-08-13,1.0
587,20411,7,1316,1,0,0,0,0.0,0,2018-08-13,2018-08-13,2.0
541,20353,7,16,0,0,0,0,0.0,0,2018-08-06,2018-08-06,1.0
543,20353,7,27,1,0,0,0,0.0,0,2018-08-06,2018-08-06,1.0
544,20353,7,58,0,0,0,0,0.0,0,2018-08-06,2018-08-06,1.0
547,20353,7,60,10,0,0,0,0.0,0,2018-08-06,2018-08-06,1.0
548,20353,7,62,3,0,0,0,0.0,0,2018-08-06,2018-08-06,1.0
550,20353,7,64,2,0,0,0,0.0,0,2018-08-06,2018-08-06,1.0
552,20353,7,66,0,0,0,0,0.0,0,2018-08-06,2018-08-06,1.0
555,20353,7,68,0,0,0,0,0.0,0,2018-08-06,2018-08-06,1.0
557,20353,7,71,0,0,0,0,0.0,0,2018-08-06,2018-08-06,1.0
558,20353,7,77,8,0,0,0,0.0,0,2018-08-06,2018-08-06,1.0
561,20353,7,78,30,0,0,0,0.0,0,2018-08-06,2018-08-06,2.0
562,20353,7,95,0,0,0,0,0.0,0,2018-08-06,2018-08-06,1.0
564,20353,7,103,0,0,0,0,0.0,0,2018-08-06,2018-08-06,1.0
567,20353,7,105,2,0,0,0,0.0,0,2018-08-06,2018-08-06,2.0
569,20353,7,113,0,0,0,0,0.0,0,2018-08-06,2018-08-06,1.0
570,20353,7,127,1,0,0,0,0.0,0,2018-08-06,2018-08-06,1.0
573,20353,7,130,2,0,0,0,0.0,0,2018-08-06,2018-08-06,1.0
575,20353,7,131,20,0,0,0,0.0,0,2018-08-06,2018-08-06,1.0
576,20353,7,135,1,0,0,0,0.0,0,2018-08-06,2018-08-06,2.0
579,20353,7,137,0,0,0,0,0.0,0,2018-08-06,2018-08-06,1.0
580,20353,7,160,1,0,0,0,0.0,0,2018-08-06,2018-08-06,2.0
582,20353,7,209,1,0,0,0,0.0,0,2018-08-06,2018-08-06,2.0
585,20353,7,524,1,0,0,0,0.0,0,2018-08-06,2018-08-06,1.0
586,20353,7,1316,1,0,0,0,0.0,0,2018-08-06,2018-08-06,2.0
2,11213,4,6,0,0,0,0,0.0,0,2018-08-14,2018-08-14,1.0
5,11213,4,7,0,0,0,0,0.0,0,2018-08-14,2018-08-14,1.0
6,11213,4,18,0,0,0,0,0.0,0,2018-08-14,2018-08-14,2.0
9,11213,4,22,0,0,0,0,0.0,0,2018-08-14,2018-08-14,1.0
17,11213,4,24,1,0,0,0,0.0,0,2018-08-14,2018-08-14,1.0
19,11213,4,25,3,0,0,0,0.0,0,2018-08-14,2018-08-14,2.0
21,11213,4,26,0,0,0,0,0.0,0,2018-08-14,2018-08-14,0.0
26,11213,4,30,3,0,0,0,0.0,0,2018-08-14,2018-08-14,1.0
29,11213,4,32,0,0,0,0,0.0,0,2018-08-14,2018-08-14,0.0
31,11213,4,33,0,0,0,0,0.0,0,2018-08-14,2018-08-14,0.0
34,11213,4,34,2,0,0,0,0.0,0,2018-08-14,2018-08-14,2.0
44,11213,4,41,0,0,0,0,0.0,0,2018-08-14,2018-08-14,0.0
47,11213,4,58,0,0,0,0,0.0,0,2018-08-14,2018-08-14,2.0
49,11213,4,59,0,0,0,0,0.0,0,2018-08-14,2018-08-14,1.0
54,11213,4,61,4,0,0,0,0.0,0,2018-08-14,2018-08-14,2.0
59,11213,4,62,2,0,0,0,0.0,0,2018-08-14,2018-08-14,2.0
60,11213,4,64,0,0,0,0,0.0,0,2018-08-14,2018-08-14,2.0
65,11213,4,66,0,0,0,0,0.0,0,2018-08-14,2018-08-14,2.0
67,11213,4,67,4,0,0,0,0.0,0,2018-08-14,2018-08-14,1.0
71,11213,4,68,0,0,0,0,0.0,0,2018-08-14,2018-08-14,2.0
83,11213,4,72,0,0,0,0,0.0,0,2018-08-14,2018-08-14,2.0
84,11213,4,73,0,0,0,0,0.0,0,2018-08-14,2018-08-14,2.0
89,11213,4,74,0,0,0,0,0.0,0,2018-08-14,2018-08-14,2.0
90,11213,4,75,0,0,0,0,0.0,0,2018-08-14,2018-08-14,2.0
93,11213,4,76,0,0,0,0,0.0,0,2018-08-14,2018-08-14,2.0
98,11213,4,82,0,0,0,0,0.0,0,2018-08-14,2018-08-14,2.0
99,11213,4,83,0,0,0,0,0.0,0,2018-08-14,2018-08-14,1.0
102,11213,4,89,0,0,0,0,0.0,0,2018-08-14,2018-08-14,0.0
105,11213,4,91,2,0,0,0,0.0,0,2018-08-14,2018-08-14,1.0
110,11213,4,94,0,0,0,0,0.0,0,2018-08-14,2018-08-14,0.0
111,11213,4,96,0,0,0,0,0.0,0,2018-08-14,2018-08-14,1.0
116,11213,4,98,0,0,0,0,0.0,0,2018-08-14,2018-08-14,2.0
117,11213,4,103,0,0,0,0,0.0,0,2018-08-14,2018-08-14,2.0
121,11213,4,104,0,0,0,0,0.0,0,2018-08-14,2018-08-14,0.0
124,11213,4,105,2,0,0,0,0.0,0,2018-08-14,2018-08-14,1.0
128,11213,4,113,0,0,0,0,0.0,0,2018-08-14,2018-08-14,1.0
129,11213,4,114,2,0,0,0,0.0,0,2018-08-14,2018-08-14,2.0
133,11213,4,116,0,0,0,0,0.0,0,2018-08-14,2018-08-14,0.0
137,11213,4,117,2,0,0,0,0.0,0,2018-08-14,2018-08-14,1.0
138,11213,4,119,0,0,0,0,0.0,0,2018-08-14,2018-08-14,2.0
142,11213,4,121,0,0,0,0,0.0,0,2018-08-14,2018-08-14,1.0
145,11213,4,122,0,0,0,0,0.0,0,2018-08-14,2018-08-14,1.0
149,11213,4,123,1,0,0,0,0.0,0,2018-08-14,2018-08-14,1.0
152,11213,4,125,0,0,0,0,0.0,0,2018-08-14,2018-08-14,1.0
153,11213,4,128,0,0,0,0,0.0,0,2018-08-14,2018-08-14,2.0
158,11213,4,130,0,0,0,0,0.0,0,2018-08-14,2018-08-14,2.0
159,11213,4,131,0,0,0,0,0.0,0,2018-08-14,2018-08-14,2.0
162,11213,4,133,0,0,0,0,0.0,0,2018-08-14,2018-08-14,1.0
167,11213,4,138,0,0,0,0,0.0,0,2018-08-14,2018-08-14,2.0
169,11213,4,141,2,0,0,0,0.0,0,2018-08-14,2018-08-14,1.0
176,11213,4,145,0,0,0,0,0.0,0,2018-08-14,2018-08-14,2.0
178,11213,4,146,1,0,0,0,0.0,0,2018-08-14,2018-08-14,1.0
182,11213,4,147,0,0,0,0,0.0,0,2018-08-14,2018-08-14,1.0
184,11213,4,148,0,0,0,0,0.0,0,2018-08-14,2018-08-14,1.0
191,11213,4,150,0,0,0,0,0.0,0,2018-08-14,2018-08-14,1.0
193,11213,4,151,3,0,0,0,0.0,0,2018-08-14,2018-08-14,1.0
196,11213,4,160,0,0,0,0,0.0,0,2018-08-14,2018-08-14,2.0
200,11213,4,161,0,0,0,0,0.0,0,2018-08-14,2018-08-14,2.0
202,11213,4,162,1,0,0,0,0.0,0,2018-08-14,2018-08-14,2.0
204,11213,4,164,0,0,0,0,0.0,0,2018-08-14,2018-08-14,2.0
209,11213,4,166,0,0,0,0,0.0,0,2018-08-14,2018-08-14,2.0
211,11213,4,185,0,0,0,0,0.0,0,2018-08-14,2018-08-14,1.0
213,11213,4,186,0,0,0,0,0.0,0,2018-08-14,2018-08-14,2.0
216,11213,4,196,0,0,0,0,0.0,0,2018-08-14,2018-08-14,1.0
223,11213,4,207,0,0,0,0,0.0,0,2018-08-14,2018-08-14,2.0
227,11213,4,228,0,0,0,0,0.0,0,2018-08-14,2018-08-14,2.0
229,11213,4,230,0,0,0,0,0.0,0,2018-08-14,2018-08-14,1.0
233,11213,4,243,0,0,0,0,0.0,0,2018-08-14,2018-08-14,1.0
235,11213,4,245,0,0,0,0,0.0,0,2018-08-14,2018-08-14,1.0
236,11213,4,256,0,0,0,0,0.0,0,2018-08-14,2018-08-14,2.0
240,11213,4,257,0,0,0,0,0.0,0,2018-08-14,2018-08-14,2.0
244,11213,4,258,0,0,0,0,0.0,0,2018-08-14,2018-08-14,2.0
246,11213,4,259,0,0,0,0,0.0,0,2018-08-14,2018-08-14,1.0
249,11213,4,260,4,0,0,0,0.0,0,2018-08-14,2018-08-14,1.0
252,11213,4,275,0,0,0,0,0.0,0,2018-08-14,2018-08-14,2.0
258,11213,4,297,0,0,0,0,0.0,0,2018-08-14,2018-08-14,1.0
262,11213,4,312,0,0,0,0,0.0,0,2018-08-14,2018-08-14,2.0
265,11213,4,325,0,0,0,0,0.0,0,2018-08-14,2018-08-14,0.0
268,11213,4,344,1,0,0,0,0.0,0,2018-08-14,2018-08-14,1.0
271,11213,4,351,1,0,0,0,0.0,0,2018-08-14,2018-08-14,2.0
273,11213,4,363,10,0,0,0,0.0,0,2018-08-14,2018-08-14,1.0
276,11213,4,365,0,0,0,0,0.0,0,2018-08-14,2018-08-14,2.0
280,11213,4,366,0,0,0,0,0.0,0,2018-08-14,2018-08-14,1.0
282,11213,4,367,0,0,0,0,0.0,0,2018-08-14,2018-08-14,0.0
289,11213,4,379,0,0,0,0,0.0,0,2018-08-14,2018-08-14,2.0
291,11213,4,384,0,0,0,0,0.0,0,2018-08-14,2018-08-14,2.0
295,11213,4,386,0,0,0,0,0.0,0,2018-08-14,2018-08-14,2.0
298,11213,4,388,0,0,0,0,0.0,0,2018-08-14,2018-08-14,0.0
300,11213,4,416,0,0,0,0,0.0,0,2018-08-14,2018-08-14,1.0
304,11213,4,417,0,0,0,0,0.0,0,2018-08-14,2018-08-14,0.0
305,11213,4,420,0,0,0,0,0.0,0,2018-08-14,2018-08-14,0.0
308,11213,4,439,1,0,0,0,0.0,0,2018-08-14,2018-08-14,1.0
313,11213,4,446,14,0,0,0,0.0,0,2018-08-14,2018-08-14,1.0
316,11213,4,465,0,0,0,0,0.0,0,2018-08-14,2018-08-14,2.0
319,11213,4,468,0,0,0,0,0.0,0,2018-08-14,2018-08-14,2.0
322,11213,4,470,0,0,0,0,0.0,0,2018-08-14,2018-08-14,2.0
323,11213,4,471,0,0,0,0,0.0,0,2018-08-14,2018-08-14,0.0
328,11213,4,474,3,0,0,0,0.0,0,2018-08-14,2018-08-14,1.0
330,11213,4,475,2,0,0,0,0.0,0,2018-08-14,2018-08-14,1.0
333,11213,4,487,0,0,0,0,0.0,0,2018-08-14,2018-08-14,1.0
336,11213,4,500,2,0,0,0,0.0,0,2018-08-14,2018-08-14,2.0
338,11213,4,501,0,0,0,0,0.0,0,2018-08-14,2018-08-14,2.0
341,11213,4,510,0,0,0,0,0.0,0,2018-08-14,2018-08-14,2.0
346,11213,4,513,2,0,0,0,0.0,0,2018-08-14,2018-08-14,1.0
349,11213,4,539,0,0,0,0,0.0,0,2018-08-14,2018-08-14,2.0
352,11213,4,542,0,0,0,0,0.0,0,2018-08-14,2018-08-14,2.0
355,11213,4,544,0,0,0,0,0.0,0,2018-08-14,2018-08-14,2.0
356,11213,4,545,0,0,0,0,0.0,0,2018-08-14,2018-08-14,2.0
359,11213,4,547,2,0,0,0,0.0,0,2018-08-14,2018-08-14,1.0
362,11213,4,548,0,0,0,0,0.0,0,2018-08-14,2018-08-14,0.0
369,11213,4,558,0,0,0,0,0.0,0,2018-08-14,2018-08-14,1.0
371,11213,4,562,0,0,0,0,0.0,0,2018-08-14,2018-08-14,2.0
374,11213,4,573,1,0,0,0,0.0,0,2018-08-14,2018-08-14,1.0
378,11213,4,583,0,0,0,0,0.0,0,2018-08-14,2018-08-14,2.0
381,11213,4,588,1,0,0,0,0.0,0,2018-08-14,2018-08-14,1.0
385,11213,4,591,0,0,0,0,0.0,0,2018-08-14,2018-08-14,0.0
387,11213,4,603,5,0,0,0,0.0,0,2018-08-14,2018-08-14,1.0
392,11213,4,680,0,0,0,0,0.0,0,2018-08-14,2018-08-14,0.0
396,11213,4,687,0,0,0,0,0.0,0,2018-08-14,2018-08-14,2.0
398,11213,4,688,8,0,0,0,0.0,0,2018-08-14,2018-08-14,1.0
401,11213,4,746,0,0,0,0,0.0,0,2018-08-14,2018-08-14,0.0
405,11213,4,747,0,0,0,0,0.0,0,2018-08-14,2018-08-14,0.0
408,11213,4,749,0,0,0,0,0.0,0,2018-08-14,2018-08-14,0.0
411,11213,4,753,0,0,0,0,0.0,0,2018-08-14,2018-08-14,1.0
412,11213,4,793,0,0,0,0,0.0,0,2018-08-14,2018-08-14,2.0
415,11213,4,800,0,0,0,0,0.0,0,2018-08-14,2018-08-14,1.0
420,11213,4,802,1,0,0,0,0.0,0,2018-08-14,2018-08-14,1.0
421,11213,4,846,0,0,0,0,0.0,0,2018-08-14,2018-08-14,2.0
426,11213,4,868,0,0,0,0,0.0,0,2018-08-14,2018-08-14,2.0
427,11213,4,893,0,0,0,0,0.0,0,2018-08-14,2018-08-14,0.0
431,11213,4,905,0,0,0,0,0.0,0,2018-08-14,2018-08-14,2.0
433,11213,4,916,0,0,0,0,0.0,0,2018-08-14,2018-08-14,1.0
437,11213,4,928,0,0,0,0,0.0,0,2018-08-14,2018-08-14,2.0
439,11213,4,929,0,0,0,0,0.0,0,2018-08-14,2018-08-14,2.0
444,11213,4,969,0,0,0,0,0.0,0,2018-08-14,2018-08-14,2.0
446,11213,4,970,0,0,0,0,0.0,0,2018-08-14,2018-08-14,1.0
449,11213,4,1023,0,0,0,0,0.0,0,2018-08-14,2018-08-14,2.0
453,11213,4,1051,2,0,0,0,0.0,0,2018-08-14,2018-08-14,1.0
456,11213,4,1055,4,0,0,0,0.0,0,2018-08-14,2018-08-14,2.0
459,11213,4,1059,0,0,0,0,0.0,0,2018-08-14,2018-08-14,1.0
460,11213,4,1075,0,0,0,0,0.0,0,2018-08-14,2018-08-14,2.0
464,11213,4,1105,7,0,0,0,0.0,0,2018-08-14,2018-08-14,1.0
466,11213,4,1115,0,0,0,0,0.0,0,2018-08-14,2018-08-14,2.0
474,11213,4,1117,0,0,0,0,0.0,0,2018-08-14,2018-08-14,2.0
477,11213,4,1136,0,0,0,0,0.0,0,2018-08-14,2018-08-14,0.0
483,11213,4,1211,0,0,0,0,0.0,0,2018-08-14,2018-08-14,0.0
485,11213,4,1230,0,0,0,0,0.0,0,2018-08-14,2018-08-14,1.0
488,11213,4,1236,0,0,0,0,0.0,0,2018-08-14,2018-08-14,1.0
490,11213,4,1316,0,0,0,0,0.0,0,2018-08-14,2018-08-14,1.0
495,11213,4,1336,0,0,0,0,0.0,0,2018-08-14,2018-08-14,2.0
500,11213,4,1344,0,0,0,0,0.0,0,2018-08-14,2018-08-14,2.0
504,11213,4,1346,0,0,0,0,0.0,0,2018-08-14,2018-08-14,0.0
505,11213,4,1347,1,0,0,0,0.0,0,2018-08-14,2018-08-14,1.0
513,11213,4,1350,0,0,0,0,0.0,0,2018-08-14,2018-08-14,0.0
516,11213,4,1361,0,0,0,0,0.0,0,2018-08-14,2018-08-14,0.0
517,11213,4,1377,0,0,0,0,0.0,0,2018-08-14,2018-08-14,0.0
520,11213,4,1379,0,0,0,0,0.0,0,2018-08-14,2018-08-14,0.0
524,11213,4,1403,0,0,0,0,0.0,0,2018-08-14,2018-08-14,0.0
527,11213,4,1411,0,0,0,0,0.0,0,2018-08-14,2018-08-14,0.0
529,11213,4,1458,0,0,0,0,0.0,0,2018-08-14,2018-08-14,0.0
532,11213,4,1459,0,0,0,0,0.0,0,2018-08-14,2018-08-14,1.0
535,11213,4,1464,0,0,0,0,0.0,0,2018-08-14,2018-08-14,1.0
0,11221,4,6,1,0,0,0,0.0,0,2018-08-16,2018-08-16,1.0
4,11221,4,7,1,0,0,0,0.0,0,2018-08-16,2018-08-16,1.0
7,11221,4,18,1,0,0,0,0.0,0,2018-08-16,2018-08-16,2.0
11,11221,4,22,10,0,0,0,0.0,0,2018-08-16,2018-08-16,1.0
15,11221,4,24,0,0,0,0,0.0,0,2018-08-16,2018-08-16,1.0
18,11221,4,25,2,0,0,0,0.0,0,2018-08-16,2018-08-16,2.0
22,11221,4,26,0,0,0,0,0.0,0,2018-08-16,2018-08-16,0.0
24,11221,4,30,0,0,0,0,0.0,0,2018-08-16,2018-08-16,1.0
28,11221,4,32,0,0,0,0,0.0,0,2018-08-16,2018-08-16,0.0
32,11221,4,33,0,0,0,0,0.0,0,2018-08-16,2018-08-16,0.0
35,11221,4,34,1,0,0,0,0.0,0,2018-08-16,2018-08-16,2.0
42,11221,4,41,0,0,0,0,0.0,0,2018-08-16,2018-08-16,0.0
46,11221,4,58,6,0,0,0,0.0,0,2018-08-16,2018-08-16,2.0
50,11221,4,59,18,0,0,0,0.0,0,2018-08-16,2018-08-16,1.0
56,11221,4,61,2,0,0,0,0.0,0,2018-08-16,2018-08-16,2.0
57,11221,4,62,2,0,0,0,0.0,0,2018-08-16,2018-08-16,2.0
61,11221,4,64,1,0,0,0,0.0,0,2018-08-16,2018-08-16,2.0
64,11221,4,66,4,0,0,0,0.0,0,2018-08-16,2018-08-16,2.0
66,11221,4,67,0,0,0,0,0.0,0,2018-08-16,2018-08-16,1.0
70,11221,4,68,4,0,0,0,0.0,0,2018-08-16,2018-08-16,2.0
82,11221,4,72,3,0,0,0,0.0,1,2018-08-16,2018-08-16,2.0
86,11221,4,73,7,0,0,0,0.0,0,2018-08-16,2018-08-16,2.0
87,11221,4,74,2,0,0,0,0.0,0,2018-08-16,2018-08-16,2.0
91,11221,4,75,9,0,0,0,0.0,0,2018-08-16,2018-08-16,2.0
95,11221,4,76,9,0,0,0,0.0,0,2018-08-16,2018-08-16,2.0
96,11221,4,82,1,0,0,0,0.0,0,2018-08-16,2018-08-16,2.0
101,11221,4,83,0,0,0,0,0.0,0,2018-08-16,2018-08-16,1.0
103,11221,4,89,0,0,0,0,0.0,0,2018-08-16,2018-08-16,0.0
106,11221,4,91,0,0,0,0,0.0,0,2018-08-16,2018-08-16,1.0
109,11221,4,94,0,0,0,0,0.0,0,2018-08-16,2018-08-16,0.0
113,11221,4,96,4,0,0,0,0.0,0,2018-08-16,2018-08-16,1.0
115,11221,4,98,2,0,0,0,0.0,0,2018-08-16,2018-08-16,2.0
118,11221,4,103,10,0,0,0,0.0,0,2018-08-16,2018-08-16,2.0
122,11221,4,104,0,0,0,0,0.0,0,2018-08-16,2018-08-16,0.0
125,11221,4,105,0,0,0,0,0.0,0,2018-08-16,2018-08-16,1.0
127,11221,4,113,0,0,0,0,0.0,0,2018-08-16,2018-08-16,1.0
131,11221,4,114,2,0,0,0,0.0,0,2018-08-16,2018-08-16,2.0
132,11221,4,116,0,0,0,0,0.0,0,2018-08-16,2018-08-16,0.0
135,11221,4,117,0,0,0,0,0.0,0,2018-08-16,2018-08-16,1.0
139,11221,4,119,8,0,0,0,0.0,0,2018-08-16,2018-08-16,2.0
141,11221,4,121,0,0,0,0,0.0,0,2018-08-16,2018-08-16,1.0
144,11221,4,122,0,0,0,0,0.0,0,2018-08-16,2018-08-16,1.0
148,11221,4,123,0,0,0,0,0.0,0,2018-08-16,2018-08-16,1.0
150,11221,4,125,0,0,0,0,0.0,0,2018-08-16,2018-08-16,1.0
155,11221,4,128,4,0,0,0,0.0,0,2018-08-16,2018-08-16,2.0
156,11221,4,130,1,0,0,0,0.0,0,2018-08-16,2018-08-16,2.0
160,11221,4,131,4,0,0,0,0.0,0,2018-08-16,2018-08-16,2.0
163,11221,4,133,0,0,0,0,0.0,0,2018-08-16,2018-08-16,1.0
166,11221,4,138,1,0,0,0,0.0,0,2018-08-16,2018-08-16,2.0
168,11221,4,141,0,0,0,0,0.0,0,2018-08-16,2018-08-16,1.0
174,11221,4,145,2,0,0,0,0.0,0,2018-08-16,2018-08-16,2.0
179,11221,4,146,0,0,0,0,0.0,0,2018-08-16,2018-08-16,1.0
181,11221,4,147,0,0,0,0,0.0,0,2018-08-16,2018-08-16,1.0
183,11221,4,148,2,0,0,0,0.0,0,2018-08-16,2018-08-16,1.0
190,11221,4,150,52,0,0,0,0.0,0,2018-08-16,2018-08-16,1.0
194,11221,4,151,0,0,0,0,0.0,0,2018-08-16,2018-08-16,1.0
197,11221,4,160,2,0,0,0,0.0,0,2018-08-16,2018-08-16,2.0
198,11221,4,161,2,0,0,0,0.0,0,2018-08-16,2018-08-16,2.0
201,11221,4,162,1,0,0,0,0.0,0,2018-08-16,2018-08-16,2.0
205,11221,4,164,3,0,0,0,0.0,0,2018-08-16,2018-08-16,2.0
207,11221,4,166,1,0,0,0,0.0,0,2018-08-16,2018-08-16,2.0
210,11221,4,185,0,0,0,0,0.0,0,2018-08-16,2018-08-16,1.0
214,11221,4,186,1,0,0,0,0.0,0,2018-08-16,2018-08-16,2.0
217,11221,4,196,1,0,0,0,0.0,0,2018-08-16,2018-08-16,1.0
222,11221,4,207,1,0,0,0,0.0,0,2018-08-16,2018-08-16,2.0
225,11221,4,228,1,0,0,0,0.0,0,2018-08-16,2018-08-16,2.0
228,11221,4,230,1,0,0,0,0.0,0,2018-08-16,2018-08-16,1.0
231,11221,4,243,0,0,0,0,0.0,0,2018-08-16,2018-08-16,1.0
234,11221,4,245,0,0,0,0,0.0,0,2018-08-16,2018-08-16,1.0
237,11221,4,256,2,0,0,0,0.0,0,2018-08-16,2018-08-16,2.0
239,11221,4,257,4,0,0,0,0.0,0,2018-08-16,2018-08-16,2.0
243,11221,4,258,30,0,0,0,0.0,0,2018-08-16,2018-08-16,2.0
247,11221,4,259,52,0,0,0,0.0,0,2018-08-16,2018-08-16,1.0
248,11221,4,260,0,0,0,0,0.0,0,2018-08-16,2018-08-16,1.0
251,11221,4,275,36,0,0,0,0.0,0,2018-08-16,2018-08-16,2.0
257,11221,4,297,1,0,0,0,0.0,0,2018-08-16,2018-08-16,1.0
261,11221,4,312,2,0,0,0,0.0,0,2018-08-16,2018-08-16,2.0
263,11221,4,325,0,0,0,0,0.0,0,2018-08-16,2018-08-16,0.0
266,11221,4,344,0,0,0,0,0.0,0,2018-08-16,2018-08-16,1.0
269,11221,4,351,1,0,0,0,0.0,0,2018-08-16,2018-08-16,2.0
274,11221,4,363,0,0,0,0,0.0,0,2018-08-16,2018-08-16,1.0
275,11221,4,365,2,0,0,0,0.0,0,2018-08-16,2018-08-16,2.0
279,11221,4,366,0,0,0,0,0.0,0,2018-08-16,2018-08-16,1.0
283,11221,4,367,0,0,0,0,0.0,0,2018-08-16,2018-08-16,0.0
288,11221,4,379,2,0,0,0,0.0,0,2018-08-16,2018-08-16,2.0
290,11221,4,384,18,0,0,0,0.0,0,2018-08-16,2018-08-16,2.0
294,11221,4,386,50,0,0,0,0.0,0,2018-08-16,2018-08-16,2.0
297,11221,4,388,0,0,0,0,0.0,0,2018-08-16,2018-08-16,0.0
299,11221,4,416,8,0,0,0,0.0,0,2018-08-16,2018-08-16,1.0
302,11221,4,417,0,0,0,0,0.0,0,2018-08-16,2018-08-16,0.0
306,11221,4,420,0,0,0,0,0.0,0,2018-08-16,2018-08-16,0.0
310,11221,4,439,0,0,0,0,0.0,0,2018-08-16,2018-08-16,1.0
311,11221,4,446,0,0,0,0,0.0,0,2018-08-16,2018-08-16,1.0
314,11221,4,465,6,0,0,0,0.0,0,2018-08-16,2018-08-16,2.0
318,11221,4,468,1,0,0,0,0.0,0,2018-08-16,2018-08-16,2.0
320,11221,4,470,2,0,0,0,0.0,0,2018-08-16,2018-08-16,2.0
325,11221,4,471,0,0,0,0,0.0,0,2018-08-16,2018-08-16,0.0
326,11221,4,474,0,0,0,0,0.0,0,2018-08-16,2018-08-16,1.0
331,11221,4,475,0,0,0,0,0.0,0,2018-08-16,2018-08-16,1.0
332,11221,4,487,1,0,0,0,0.0,0,2018-08-16,2018-08-16,1.0
337,11221,4,500,2,0,0,0,0.0,0,2018-08-16,2018-08-16,2.0
339,11221,4,501,9,0,0,0,0.0,0,2018-08-16,2018-08-16,2.0
343,11221,4,510,1,0,0,0,0.0,0,2018-08-16,2018-08-16,2.0
344,11221,4,513,0,0,0,0,0.0,0,2018-08-16,2018-08-16,1.0
347,11221,4,539,8,0,0,0,0.0,0,2018-08-16,2018-08-16,2.0
351,11221,4,542,2,0,0,0,0.0,0,2018-08-16,2018-08-16,2.0
353,11221,4,544,2,0,0,0,0.0,0,2018-08-16,2018-08-16,2.0
358,11221,4,545,4,0,0,0,0.0,0,2018-08-16,2018-08-16,2.0
361,11221,4,547,0,0,0,0,0.0,0,2018-08-16,2018-08-16,1.0
364,11221,4,548,0,0,0,0,0.0,0,2018-08-16,2018-08-16,0.0
370,11221,4,558,0,0,0,0,0.0,0,2018-08-16,2018-08-16,1.0
372,11221,4,562,1,0,0,0,0.0,0,2018-08-16,2018-08-16,2.0
375,11221,4,573,0,0,0,0,0.0,0,2018-08-16,2018-08-16,1.0
377,11221,4,583,2,0,0,0,0.0,0,2018-08-16,2018-08-16,2.0
380,11221,4,588,0,0,0,0,0.0,0,2018-08-16,2018-08-16,1.0
383,11221,4,591,0,0,0,0,0.0,0,2018-08-16,2018-08-16,0.0
388,11221,4,603,0,0,0,0,0.0,0,2018-08-16,2018-08-16,1.0
393,11221,4,680,0,0,0,0,0.0,0,2018-08-16,2018-08-16,0.0
397,11221,4,688,0,0,0,0,0.0,0,2018-08-16,2018-08-16,1.0
400,11221,4,746,0,0,0,0,0.0,0,2018-08-16,2018-08-16,0.0
403,11221,4,747,0,0,0,0,0.0,0,2018-08-16,2018-08-16,0.0
406,11221,4,749,0,0,0,0,0.0,0,2018-08-16,2018-08-16,0.0
409,11221,4,753,2,0,0,0,0.0,0,2018-08-16,2018-08-16,1.0
413,11221,4,793,4,0,0,0,0.0,0,2018-08-16,2018-08-16,2.0
417,11221,4,800,0,0,0,0,0.0,0,2018-08-16,2018-08-16,1.0
418,11221,4,802,0,0,0,0,0.0,0,2018-08-16,2018-08-16,1.0
423,11221,4,846,1,0,0,0,0.0,0,2018-08-16,2018-08-16,2.0
425,11221,4,868,2,0,0,0,0.0,0,2018-08-16,2018-08-16,2.0
429,11221,4,893,0,0,0,0,0.0,0,2018-08-16,2018-08-16,0.0
432,11221,4,905,1,0,0,0,0.0,0,2018-08-16,2018-08-16,2.0
435,11221,4,916,1,0,0,0,0.0,0,2018-08-16,2018-08-16,1.0
436,11221,4,928,2,0,0,0,0.0,0,2018-08-16,2018-08-16,2.0
440,11221,4,929,4,0,0,0,0.0,0,2018-08-16,2018-08-16,2.0
443,11221,4,969,10,0,0,0,0.0,0,2018-08-16,2018-08-16,2.0
445,11221,4,970,2,0,0,0,0.0,0,2018-08-16,2018-08-16,1.0
448,11221,4,1023,2,0,0,0,0.0,0,2018-08-16,2018-08-16,2.0
451,11221,4,1051,0,0,0,0,0.0,0,2018-08-16,2018-08-16,1.0
454,11221,4,1055,2,0,0,0,0.0,0,2018-08-16,2018-08-16,2.0
457,11221,4,1059,2,0,0,0,0.0,0,2018-08-16,2018-08-16,1.0
462,11221,4,1075,6,0,0,0,0.0,0,2018-08-16,2018-08-16,2.0
465,11221,4,1105,0,0,0,0,0.0,0,2018-08-16,2018-08-16,1.0
467,11221,4,1115,2,0,0,0,0.0,0,2018-08-16,2018-08-16,2.0
472,11221,4,1117,2,0,0,0,0.0,0,2018-08-16,2018-08-16,2.0
476,11221,4,1136,0,0,0,0,0.0,0,2018-08-16,2018-08-16,0.0
482,11221,4,1211,0,0,0,0,0.0,0,2018-08-16,2018-08-16,0.0
486,11221,4,1230,1,0,0,0,0.0,0,2018-08-16,2018-08-16,1.0
489,11221,4,1236,0,0,0,0,0.0,0,2018-08-16,2018-08-16,1.0
492,11221,4,1316,0,0,0,0,0.0,0,2018-08-16,2018-08-16,1.0
493,11221,4,1336,1,0,0,0,0.0,0,2018-08-16,2018-08-16,2.0
501,11221,4,1344,1,0,0,0,0.0,0,2018-08-16,2018-08-16,2.0
502,11221,4,1346,0,0,0,0,0.0,0,2018-08-16,2018-08-16,0.0
507,11221,4,1347,0,0,0,0,0.0,0,2018-08-16,2018-08-16,1.0
511,11221,4,1350,0,0,0,0,0.0,0,2018-08-16,2018-08-16,0.0
515,11221,4,1361,0,0,0,0,0.0,0,2018-08-16,2018-08-16,0.0
521,11221,4,1379,0,0,0,0,0.0,0,2018-08-16,2018-08-16,0.0
523,11221,4,1403,0,0,0,0,0.0,0,2018-08-16,2018-08-16,0.0
525,11221,4,1411,0,0,0,0,0.0,0,2018-08-16,2018-08-16,0.0
530,11221,4,1458,0,0,0,0,0.0,0,2018-08-16,2018-08-16,0.0
531,11221,4,1459,0,0,0,0,0.0,0,2018-08-16,2018-08-16,1.0
536,11221,4,1464,0,0,0,0,0.0,0,2018-08-16,2018-08-16,1.0
588,11221,4,687,2,0,0,0,0.0,0,2018-08-16,2018-08-16,2.0
589,11221,4,1377,0,0,0,0,0.0,0,2018-08-16,2018-08-16,0.0
1,11197,4,6,0,0,0,0,0.0,0,2018-08-09,2018-08-09,1.0
3,11197,4,7,0,0,0,0,0.0,0,2018-08-09,2018-08-09,1.0
8,11197,4,18,1,0,0,0,0.0,0,2018-08-09,2018-08-09,2.0
10,11197,4,22,0,0,0,0,0.0,0,2018-08-09,2018-08-09,1.0
16,11197,4,24,0,0,0,0,0.0,0,2018-08-09,2018-08-09,1.0
20,11197,4,25,0,0,0,0,0.0,0,2018-08-09,2018-08-09,2.0
23,11197,4,26,0,0,0,0,0.0,0,2018-08-09,2018-08-09,0.0
25,11197,4,30,0,0,0,0,0.0,0,2018-08-09,2018-08-09,1.0
27,11197,4,32,0,0,0,0,0.0,0,2018-08-09,2018-08-09,0.0
30,11197,4,33,0,0,0,0,0.0,0,2018-08-09,2018-08-09,0.0
33,11197,4,34,0,0,0,0,0.0,0,2018-08-09,2018-08-09,2.0
43,11197,4,41,0,0,0,0,0.0,0,2018-08-09,2018-08-09,0.0
45,11197,4,58,4,0,0,0,0.0,0,2018-08-09,2018-08-09,2.0
48,11197,4,59,0,0,0,0,0.0,0,2018-08-09,2018-08-09,1.0
55,11197,4,61,0,0,0,0,0.0,0,2018-08-09,2018-08-09,2.0
58,11197,4,62,0,0,0,0,0.0,0,2018-08-09,2018-08-09,2.0
62,11197,4,64,1,0,0,0,0.0,0,2018-08-09,2018-08-09,2.0
63,11197,4,66,4,0,0,0,0.0,0,2018-08-09,2018-08-09,2.0
68,11197,4,67,0,0,0,0,0.0,0,2018-08-09,2018-08-09,1.0
69,11197,4,68,7,0,0,0,0.0,0,2018-08-09,2018-08-09,2.0
81,11197,4,72,3,0,0,0,0.0,1,2018-08-09,2018-08-09,2.0
85,11197,4,73,7,0,0,0,0.0,0,2018-08-09,2018-08-09,2.0
88,11197,4,74,2,0,0,0,0.0,0,2018-08-09,2018-08-09,2.0
92,11197,4,75,18,0,0,0,0.0,0,2018-08-09,2018-08-09,2.0
94,11197,4,76,9,0,0,0,0.0,0,2018-08-09,2018-08-09,2.0
97,11197,4,82,1,0,0,0,0.0,0,2018-08-09,2018-08-09,2.0
100,11197,4,83,1,0,0,0,0.0,0,2018-08-09,2018-08-09,1.0
104,11197,4,89,0,0,0,0,0.0,0,2018-08-09,2018-08-09,0.0
107,11197,4,91,0,0,0,0,0.0,0,2018-08-09,2018-08-09,1.0
108,11197,4,94,0,0,0,0,0.0,0,2018-08-09,2018-08-09,0.0
112,11197,4,96,0,0,0,0,0.0,0,2018-08-09,2018-08-09,1.0
114,11197,4,98,2,0,0,0,0.0,0,2018-08-09,2018-08-09,2.0
119,11197,4,103,10,0,0,0,0.0,0,2018-08-09,2018-08-09,2.0
120,11197,4,104,0,0,0,0,0.0,0,2018-08-09,2018-08-09,0.0
123,11197,4,105,0,0,0,0,0.0,0,2018-08-09,2018-08-09,1.0
126,11197,4,113,1,0,0,0,0.0,0,2018-08-09,2018-08-09,1.0
130,11197,4,114,0,0,0,0,0.0,0,2018-08-09,2018-08-09,2.0
134,11197,4,116,0,0,0,0,0.0,0,2018-08-09,2018-08-09,0.0
136,11197,4,117,0,0,0,0,0.0,0,2018-08-09,2018-08-09,1.0
140,11197,4,119,4,0,0,0,0.0,0,2018-08-09,2018-08-09,2.0
143,11197,4,121,2,0,0,0,0.0,0,2018-08-09,2018-08-09,1.0
146,11197,4,122,6,0,0,0,0.0,0,2018-08-09,2018-08-09,1.0
147,11197,4,123,0,0,0,0,0.0,0,2018-08-09,2018-08-09,1.0
151,11197,4,125,2,0,0,0,0.0,0,2018-08-09,2018-08-09,1.0
154,11197,4,128,4,0,0,0,0.0,0,2018-08-09,2018-08-09,2.0
157,11197,4,130,1,0,0,0,0.0,0,2018-08-09,2018-08-09,2.0
161,11197,4,131,4,0,0,0,0.0,0,2018-08-09,2018-08-09,2.0
164,11197,4,133,2,0,0,0,0.0,0,2018-08-09,2018-08-09,1.0
165,11197,4,138,1,0,0,0,0.0,0,2018-08-09,2018-08-09,2.0
170,11197,4,141,0,0,0,0,0.0,0,2018-08-09,2018-08-09,1.0
175,11197,4,145,4,0,0,0,0.0,0,2018-08-09,2018-08-09,2.0
177,11197,4,146,0,0,0,0,0.0,0,2018-08-09,2018-08-09,1.0
180,11197,4,147,6,0,0,0,0.0,0,2018-08-09,2018-08-09,1.0
185,11197,4,148,0,0,0,0,0.0,0,2018-08-09,2018-08-09,1.0
189,11197,4,150,0,0,0,0,0.0,0,2018-08-09,2018-08-09,1.0
192,11197,4,151,0,0,0,0,0.0,0,2018-08-09,2018-08-09,1.0
195,11197,4,160,2,0,0,0,0.0,0,2018-08-09,2018-08-09,2.0
199,11197,4,161,4,0,0,0,0.0,0,2018-08-09,2018-08-09,2.0
203,11197,4,162,0,0,0,0,0.0,0,2018-08-09,2018-08-09,2.0
206,11197,4,164,4,0,0,0,0.0,0,2018-08-09,2018-08-09,2.0
208,11197,4,166,2,0,0,0,0.0,0,2018-08-09,2018-08-09,2.0
212,11197,4,185,1,0,0,0,0.0,0,2018-08-09,2018-08-09,1.0
215,11197,4,186,1,0,0,0,0.0,0,2018-08-09,2018-08-09,2.0
218,11197,4,196,0,0,0,0,0.0,0,2018-08-09,2018-08-09,1.0
224,11197,4,207,2,0,0,0,0.0,0,2018-08-09,2018-08-09,2.0
226,11197,4,228,1,0,0,0,0.0,0,2018-08-09,2018-08-09,2.0
230,11197,4,230,0,0,0,0,0.0,0,2018-08-09,2018-08-09,1.0
232,11197,4,243,1,0,0,0,0.0,0,2018-08-09,2018-08-09,1.0
238,11197,4,256,2,0,0,0,0.0,0,2018-08-09,2018-08-09,2.0
241,11197,4,257,6,0,0,0,0.0,0,2018-08-09,2018-08-09,2.0
242,11197,4,258,30,0,0,0,0.0,0,2018-08-09,2018-08-09,2.0
245,11197,4,259,0,0,0,0,0.0,0,2018-08-09,2018-08-09,1.0
250,11197,4,260,0,0,0,0,0.0,0,2018-08-09,2018-08-09,1.0
253,11197,4,275,36,0,0,0,0.0,0,2018-08-09,2018-08-09,2.0
259,11197,4,297,0,0,0,0,0.0,0,2018-08-09,2018-08-09,1.0
260,11197,4,312,2,0,0,0,0.0,0,2018-08-09,2018-08-09,2.0
264,11197,4,325,0,0,0,0,0.0,0,2018-08-09,2018-08-09,0.0
267,11197,4,344,0,0,0,0,0.0,0,2018-08-09,2018-08-09,1.0
270,11197,4,351,0,0,0,0,0.0,0,2018-08-09,2018-08-09,2.0
272,11197,4,363,0,0,0,0,0.0,0,2018-08-09,2018-08-09,1.0
277,11197,4,365,2,0,0,0,0.0,0,2018-08-09,2018-08-09,2.0
278,11197,4,366,6,0,0,0,0.0,0,2018-08-09,2018-08-09,1.0
281,11197,4,367,0,0,0,0,0.0,0,2018-08-09,2018-08-09,0.0
287,11197,4,379,2,0,0,0,0.0,0,2018-08-09,2018-08-09,2.0
292,11197,4,384,18,0,0,0,0.0,0,2018-08-09,2018-08-09,2.0
293,11197,4,386,40,0,0,0,0.0,0,2018-08-09,2018-08-09,2.0
296,11197,4,388,0,0,0,0,0.0,0,2018-08-09,2018-08-09,0.0
301,11197,4,416,0,0,0,0,0.0,0,2018-08-09,2018-08-09,1.0
303,11197,4,417,0,0,0,0,0.0,0,2018-08-09,2018-08-09,0.0
307,11197,4,420,0,0,0,0,0.0,0,2018-08-09,2018-08-09,0.0
309,11197,4,439,0,0,0,0,0.0,0,2018-08-09,2018-08-09,1.0
312,11197,4,446,0,0,0,0,0.0,0,2018-08-09,2018-08-09,1.0
315,11197,4,465,6,0,0,0,0.0,0,2018-08-09,2018-08-09,2.0
317,11197,4,468,1,0,0,0,0.0,0,2018-08-09,2018-08-09,2.0
321,11197,4,470,2,0,0,0,0.0,0,2018-08-09,2018-08-09,2.0
324,11197,4,471,0,0,0,0,0.0,0,2018-08-09,2018-08-09,0.0
327,11197,4,474,0,0,0,0,0.0,0,2018-08-09,2018-08-09,1.0
329,11197,4,475,0,0,0,0,0.0,0,2018-08-09,2018-08-09,1.0
334,11197,4,487,0,0,0,0,0.0,0,2018-08-09,2018-08-09,1.0
335,11197,4,500,0,0,0,0,0.0,0,2018-08-09,2018-08-09,2.0
340,11197,4,501,18,0,0,0,0.0,0,2018-08-09,2018-08-09,2.0
342,11197,4,510,1,0,0,0,0.0,0,2018-08-09,2018-08-09,2.0
345,11197,4,513,0,0,0,0,0.0,0,2018-08-09,2018-08-09,1.0
348,11197,4,539,8,0,0,0,0.0,0,2018-08-09,2018-08-09,2.0
350,11197,4,542,2,0,0,0,0.0,0,2018-08-09,2018-08-09,2.0
354,11197,4,544,2,0,0,0,0.0,0,2018-08-09,2018-08-09,2.0
357,11197,4,545,4,0,0,0,0.0,0,2018-08-09,2018-08-09,2.0
360,11197,4,547,0,0,0,0,0.0,0,2018-08-09,2018-08-09,1.0
363,11197,4,548,0,0,0,0,0.0,0,2018-08-09,2018-08-09,0.0
368,11197,4,558,1,0,0,0,0.0,0,2018-08-09,2018-08-09,1.0
373,11197,4,562,1,0,0,0,0.0,0,2018-08-09,2018-08-09,2.0
376,11197,4,573,0,0,0,0,0.0,0,2018-08-09,2018-08-09,1.0
379,11197,4,583,2,0,0,0,0.0,0,2018-08-09,2018-08-09,2.0
382,11197,4,588,0,0,0,0,0.0,0,2018-08-09,2018-08-09,1.0
384,11197,4,591,0,0,0,0,0.0,0,2018-08-09,2018-08-09,0.0
386,11197,4,603,0,0,0,0,0.0,0,2018-08-09,2018-08-09,1.0
394,11197,4,680,0,0,0,0,0.0,0,2018-08-09,2018-08-09,0.0
395,11197,4,687,2,0,0,0,0.0,0,2018-08-09,2018-08-09,2.0
399,11197,4,688,0,0,0,0,0.0,0,2018-08-09,2018-08-09,1.0
402,11197,4,746,0,0,0,0,0.0,0,2018-08-09,2018-08-09,0.0
404,11197,4,747,0,0,0,0,0.0,0,2018-08-09,2018-08-09,0.0
407,11197,4,749,0,0,0,0,0.0,0,2018-08-09,2018-08-09,0.0
410,11197,4,753,0,0,0,0,0.0,0,2018-08-09,2018-08-09,1.0
414,11197,4,793,4,0,0,0,0.0,0,2018-08-09,2018-08-09,2.0
416,11197,4,800,4,0,0,0,0.0,0,2018-08-09,2018-08-09,1.0
419,11197,4,802,0,0,0,0,0.0,0,2018-08-09,2018-08-09,1.0
422,11197,4,846,1,0,0,0,0.0,0,2018-08-09,2018-08-09,2.0
424,11197,4,868,2,0,0,0,0.0,0,2018-08-09,2018-08-09,2.0
428,11197,4,893,0,0,0,0,0.0,0,2018-08-09,2018-08-09,0.0
430,11197,4,905,1,0,0,0,0.0,0,2018-08-09,2018-08-09,2.0
434,11197,4,916,0,0,0,0,0.0,0,2018-08-09,2018-08-09,1.0
438,11197,4,928,1,0,0,0,0.0,0,2018-08-09,2018-08-09,2.0
441,11197,4,929,4,0,0,0,0.0,0,2018-08-09,2018-08-09,2.0
442,11197,4,969,2,0,0,0,0.0,0,2018-08-09,2018-08-09,2.0
447,11197,4,970,0,0,0,0,0.0,0,2018-08-09,2018-08-09,1.0
450,11197,4,1023,2,0,0,0,0.0,0,2018-08-09,2018-08-09,2.0
452,11197,4,1051,0,0,0,0,0.0,0,2018-08-09,2018-08-09,1.0
455,11197,4,1055,0,0,0,0,0.0,0,2018-08-09,2018-08-09,2.0
458,11197,4,1059,0,0,0,0,0.0,0,2018-08-09,2018-08-09,1.0
461,11197,4,1075,4,0,0,0,0.0,0,2018-08-09,2018-08-09,2.0
463,11197,4,1105,0,0,0,0,0.0,0,2018-08-09,2018-08-09,1.0
468,11197,4,1115,2,0,0,0,0.0,0,2018-08-09,2018-08-09,2.0
473,11197,4,1117,1,0,0,0,0.0,0,2018-08-09,2018-08-09,2.0
475,11197,4,1136,0,0,0,0,0.0,0,2018-08-09,2018-08-09,0.0
481,11197,4,1211,0,0,0,0,0.0,0,2018-08-09,2018-08-09,0.0
484,11197,4,1230,0,0,0,0,0.0,0,2018-08-09,2018-08-09,1.0
487,11197,4,1236,1,0,0,0,0.0,0,2018-08-09,2018-08-09,1.0
491,11197,4,1316,10,0,0,0,0.0,0,2018-08-09,2018-08-09,1.0
494,11197,4,1336,1,0,0,0,0.0,0,2018-08-09,2018-08-09,2.0
499,11197,4,1344,1,0,0,0,0.0,0,2018-08-09,2018-08-09,2.0
503,11197,4,1346,0,0,0,0,0.0,0,2018-08-09,2018-08-09,0.0
506,11197,4,1347,0,0,0,0,0.0,0,2018-08-09,2018-08-09,1.0
512,11197,4,1350,0,0,0,0,0.0,0,2018-08-09,2018-08-09,0.0
514,11197,4,1361,0,0,0,0,0.0,0,2018-08-09,2018-08-09,0.0
518,11197,4,1377,0,0,0,0,0.0,0,2018-08-09,2018-08-09,0.0
519,11197,4,1379,0,0,0,0,0.0,0,2018-08-09,2018-08-09,0.0
522,11197,4,1403,0,0,0,0,0.0,0,2018-08-09,2018-08-09,0.0
526,11197,4,1411,0,0,0,0,0.0,0,2018-08-09,2018-08-09,0.0
528,11197,4,1458,0,0,0,0,0.0,0,2018-08-09,2018-08-09,0.0
533,11197,4,1459,2,0,0,0,0.0,0,2018-08-09,2018-08-09,1.0
534,11197,4,1464,2,0,0,0,0.0,0,2018-08-09,2018-08-09,1.0
590,11197,4,245,1,0,0,0,0.0,0,2018-08-09,2018-08-09,1.0
